Kittery,1
Eliot,1
South Berwick,1
Berwick,1
Lebanon,1
Sanford,1
Kennebunk,1
Kennebunkport,1
Ogunquit,1
Alfred,1
Lyman,1
Waterboro,1
Acton,1
Shapleigh,1
Newfield,1
Parsonfield,1
Cornish,1
Limerick,1
Arundel,1
Biddeford,1
Saco,1
Dayton,1
Hollis,1
Buxton,1
Limington,1
Scarborough,1
Old Orchard Beach,1
Cape Elizabeth,1
South Portland,1
Portland,1
Westbrook,1
Gorham,1
Standish,1
Windham,1
Gray,1
Baldwin,1
Hiram,1
Porter,1
Brownfield,1
Fryeburg,1
Denmark,1
Sebago,1
Stow,1
Lovell,1
Sweden,1
Bridgton,1
Waterford,1
Harrison,1
Naples,1
Casco,1
Raymond,1
New Gloucester,1
Cumberland,1
North Yarmouth,1
Yarmouth,1
Freeport,1
Otisfield,1
Oxford,1
Mechanic Falls,1
Poland,1
Minot,1
Lewiston,1
Auburn,1
Durham,1
Pownal,1
Long Island,1
Chebeague Island,1
Brunswick,1
Topsham,1
Phippsburg,1
West Bath,1
Lisbon,1
Sabattus,1
Stoneham,1
Bath,1
Harpswell,1
York,1
Wells,1
North Berwick,1
Castine,4
Bucksport,4
Belfast,2
Northport,2
Camden,2
Rockport,2
Rockland,2

